timestamp,language,text
2025-05-07T09:34:06.986017,fr,test 
2025-05-07T09:34:17.574659,ca,que vadis
2025-05-07T09:36:43.596004,pl,polska gora
2025-05-07T09:38:53.810393,en,"I am a third-year Computer Science student passionate about IT systems, cybersecurity, and system ad"
2025-05-07T09:40:14.007336,en,"I am a third-year Computer Science student passionate about IT systems, cybersecurity, and system ad"
2025-05-07T09:43:59.785749,sw,mamma mia
2025-05-07T09:44:22.629468,it,bella ciao
2025-05-07T09:44:37.313553,hu,behej
2025-05-07T09:47:30.821541,af,gelato
2025-05-07T09:47:50.422754,it,gelatto
2025-05-07T09:48:25.122814,pl,jazda z kurwami
